{
  "intents": [
    {
      "tag": "courtesyGreeting",
      "patterns": [
        "Hi.",
        "Hey.",
        "Hai.",
        "Hye.",
        "Hello.",
        "Good day.",
        "How are you?",
        "Hi how are you?",
        "Is anyone there?",
        "Hello how are you?",
        "How are you doing?",
        "Hope you are doing well?",
        "Hello hope you are doing well?"
      ],
      "responses": [
        "Hey :-)",
        "Hello, thanks for visiting.",
        "Hi there, how can I help?",
        "Hi there, what can I do for you?",
        "Hello, I am great, how are you?",
        "Hello, how are you? I am great thanks!",
        "Hello, I am good thank you, how are you?",
        "Hi, I am great, how are you?",
        "Hi, how are you? I am great thanks!",
        "Hi, I am good thank you, how are you?",
        "Hi, good thank you, how are you?"
      ]
    },
    {
      "tag": "goodbye",
      "patterns": ["Bye.", "See you later.", "Goodbye."],
      "responses": [
        "See you later, thanks for visiting.",
        "Have a nice day.",
        "Bye! Come back again soon."
      ]
    },
    {
      "tag": "thanks",
      "patterns": ["Thanks.", "Thank you.", "That is helpful.", "Thanks a lot!"],
      "responses": ["Happy to help!", "Any time!", "My pleasure","You are most welcome!"]
    },
    {
      "tag": "about",
      "patterns": [
        "Who are you?",
        "What are you?",
        "Who you are?"
      ],
      "responses": [
        "I am Jenny, your bot assistant.",
        "I am Jenny, an Artificial Intelligent bot."
      ]
    },
    {
      "tag": "createAccount",
      "patterns": [
        "I need to create a new account.",
        "How to open a new account.",
        "I want to create an account.",
        "Can you create an account for me.",
        "How to open a new account."
      ],
      "responses": [
        "You can just easily create a new account from our website.",
        "Just go to our website and follow the guidelines to create a new account."
      ]
    },
    {
      "tag": "complaint",
      "patterns": [
        "Have a complaint, I want to raise a complaint.",
        "There is a complaint about a service.",
        "I do have complaint I would like to make."
      ],
      "responses": [
        "Please provide us your complaint in order to assist you.",
        "Please mention your complaint, I will reach you and sorry for any inconvenience caused."
      ]
    },
    {
      "tag": "items",
      "patterns": [
        "Which items do you have?",
        "What kinds of items are there?",
        "What do you sell?"
      ],
      "responses": [
        "We sell a smartphone.",
        "We have a lot of smartphones."
      ]
    },
    {
      "tag": "itemsColor",
      "patterns": [
        "Do they come in different colors.",
        "Do the smartphone come wtih variant colors."
      ],
      "responses": [
        "You would go directly to our website, as our stock is very dynamic. If you do not see the color you like, I suggest checking back at the end of the month, when we refill the stock.",
        "The smartphone come with variant of color like silver, black, white and others."
      ]
    },
    {
      "tag": "payments",
      "patterns": [
        "Do you take credit cards?",
        "Do you accept Mastercard?",
        "Can I pay with Paypal?",
        "Are you cash only?"
      ],
      "responses": [
        "We accept VISA, Mastercard and Paypal.",
        "We accept most major credit cards, and Paypal."
      ]
    },
    {
      "tag": "delivery",
      "patterns": [
        "How long does delivery take?",
        "How long does shipping take?",
        "When do I get my delivery?",
        "How long will it take to receive my order?"
      ],
      "responses": [
        "Usually, delivery takes 2-3 days.",
        "Usually, shipping takes 2-3 days.",
        "Usually, once the delivery service has it, it should be less than 3 days.",
        "The delivery time will depend on the shipping method selected at the time of purchase, and the location of the delivery address. You can check the estimated delivery date on the order confirmation email or in your account."
      ]
    },
    {
      "tag": "returnItem",
      "patterns": [
        "I need to return an item, can you help me with that?",
        "I got the wrong variant color. I want to return.",
        "I got a wrong model, I want to return.",
        "How can I return or exchange an item?"
      ],
      "responses": [
        "You can submit ticket at ticket page and give information such as username, email, and order id. You are well within the return time range. You can process your return via mail, in store, or at a drop off center. Unfortunately if it has been more than 90 days we cannot accept the return. If not we will be able to refund you right away after the shipment arrives to us."
      ]
    },
    {
      "tag": "refundPolicy",
      "patterns": [
        "What is your refund policy?",
        "Let me know your current refund policy.",
        "How much long till it is refunded?",
        "Refund policies.",
        "What if I do not like the product? Can I get my money back, what are the policies?",
        "Can you direct me to your refund policies page?",
        "Show me your refund policies.",
        "Are there any refund polices?",
        "I received a damaged item.",
        "I had like to cancel purchase.",
        "I had like to cancel purchase.",
        "I want my money back.",
        "Refund.",
        "I want to return my purchase.",
        "I want to return my purchase.",
        "Cancel purchase.",
        "I received a wrong item.",
        "I want to make an exchange.",
        "How can I get a refund?"
      ],
      "responses": [
        "Refunds are only available for items that have yet to be shipped. You need submit ticket at ticket page and it will be issued for any valid purchase with confirmed order ID, customer username, and customer email address. Please make sure that you have this information if requesting a refund. It successfully refunded at least than 2 weeks and It will be coming back or done using your original payment method."
      ]
    },
    {
      "tag": "refundStatus",
      "patterns": [
        "How can I check the status of my refund?"
      ],
      "responses": [
        "You can check the status of your refund by logging into your account and viewing the order status, or by contacting customer service."
      ]
    },
    {
      "tag": "promoCodeDay",
      "patterns": [
        "I have got a promo code and I want to know when they expire.",
        "I just want to see how long the promo code last for."
      ],
      "responses": [
        "Okay, all promo codes expire after 7 days without fail.",
        "All promo code will last for only 7 days."
      ]
    },
    {
      "tag": "promoCodeUsed",
      "patterns": [
        "How can I use a coupon or promo code?"
      ],
      "responses": [
        "You can enter a coupon or promo code at the time of checkout on the e-commerce website. You can also contact customer service if you have any trouble redeeming a coupon or promo code."
      ]
    },
    {
      "tag": "cancelOrder",
      "patterns": [
        "I accidently ordered the wrong item and was wondering if I can cancel the order.",
        "Can I do change item on my order.",
        "I changed my mind about the order.",
        "How to cancel my order?",
        "I no longer need this order.",
        "I want to cancel my order.",
        "Delete my order.",
        "I do not want this order anymore.",
        "Remove the order.",
        "How can I change or cancel my order?"
      ],
      "responses": [
        "If the order has already shipped, it unable to cancel the order. However, it will be able to refund you right away. Once the shipment arrives, you will need to contact us for a return shipping label.",
        "Thank you! I have passed your request to our support team. They will do everything they can to accommodate your request.",
        "You can contact customer service to change or cancel your order, but please note that this may not be possible if the order has already been shipped. If the order has been shipped, you may still be able to return or exchange the items once you receive them."
      ]
    },
    {
      "tag": "cartError",
      "patterns": [
        "I am trying to buy a pair of smartphones but they are not getting added to my cart.",
        "I do not know what happen to my cart, it like not responding.",
        "I am not able to added my item to my cart, can you help me?"
      ],
      "responses": [
        "Can I have you try refreshing the page, and then trying to put the smartphones in the cart again.",
        "Alright. How about if you try logging out of your account, and then back in."
      ]
    },
    {
      "tag": "extendShippingDay",
      "patterns": [
        "I want an extension for my shopping service.",
        "Can I postpone payment for my subscription?"
      ],
      "responses": [
        "Every item can be only extend your payment by one day.",
        "It can only postpone in 1 day."
      ]
    },
    {
      "tag": "overnightShipping",
      "patterns": [
        "I want to know how much overnight shipping it is.",
        "May I know price of overnight shipping?",
        "How much amount of overnight shipping cost?"
      ],
      "responses": [
        "For item with 180gram, it cost RM8, item with 360gram and above RM16.",
        "It quite expensive, item weight range around 180gram is cost RM8 and item range around 360gram and up is about RM16.",
        "The rate is for RM8 for items 180gram or less. And RM16 for items over than 360gram."
      ]
    },
    {
      "tag": "localStoreTime",
      "patterns": [
        "How early does your local store open?",
        "What is time the store open?"
      ],
      "responses": [
        "Most of our stores are open from 8am to 11pm and you can always shop online 24/7."
      ]
    },
    {
      "tag": "websiteError",
      "patterns": [
        "The website is running terribly slow today. What is going on?",
        "The website is error?",
        "The website not responding at all, eventhought i had refreshed?"
      ],
      "responses": [
        "Okay, I will write a report about the slow speeds to send to our Website team to fix.",
        "I will send report to Website team, so that this issue can be fix."
      ]
    },
    {
      "tag": "giftWrapped",
      "patterns": [
        "Hi there. I would like to know if it is possible to have my items gift wrapped?",
        "My Bestie's birthday is coming up, can my item gift wrapped?"
      ],
      "responses": [
        "We do offer gift wrapping but it does cost RM5 per item and size of an item does not affect the cost right. It is a flat fee regardless of the size of the item."
      ]
    },
    {
      "tag": "tracking",
      "patterns": [
        "Can I have the tracking number?",
        "You can give me the tracking number and I will be able to track the shipment.",
        "I will like to get tracking info for my product.",
        "How can I track my order?"
      ],
      "responses": [
        "It should be in the confirmation email that was sent to you.",
        "As soon as we get this order located we will send you tracking number information in your email.",
        "You will have it in your inbox email shortly.",
        "We ship out the item as soon as we receive it from the warehouse. you will get an email informing you tracking info like your item is on the way.",
        "You can track your order by logging into your account on the e-commerce website and viewing the order status. You should also have received a shipping confirmation email with a tracking number that you can use to track your order on the carrier's website. You can also contact customer service for more information about the delivery status of your order.",
        "The delivery time will depend on the shipping method selected at the time of purchase and the location of the delivery address. You can check the estimated delivery date on the order confirmation email or in your account on the e-commerce website. You can also contact customer service for more information about the delivery status of your order."
      ]
    },
    {
      "tag": "priceIssue",
      "patterns": [
        "I found that the smartphones here are overpriced compared to others.",
        "The price for smarphone is so expensive."
      ],
      "responses": [
        "Due to the problem you can reduce the price by using promo code to get discount. Here is a promo code for 50% off: 5SVN3. Dont worry the price may change later. After I pass that feedback on to our manager team.",
        "Sometimes our pricing algorithm will change the price of items based on demand. The price may change later. You can use promo code to get discount."
      ]
    },
    {
      "tag": "botRating",
      "patterns": [
        "Is there any feedback survey where I could rate you?"
      ],
      "responses": [
        "There is not.",
        "Oh, sorry we not provide it."
      ]
    },
    {
      "tag": "feedback",
      "patterns": [
        "You should give some feedback to your bosses that the shipping costs are too high!",
        "Shipping cost is expensive"
      ],
      "responses": [
        "I am sorry to hear that, i will give that back!",
        "I am very sorry you are experiencing these problems, but feedback is the most direct way to fix them.  Thank you for your patience.",
        "Sorry for that and thank you beacause all customer feedback is greatly appreciate."
      ]
    },
    {
      "tag": "stock",
      "patterns": [
        "Once again, you are out of stock on items that I want to puchase.",
        "Why should I buy from this company if it always seems that nothing is available in the stock"
      ],
      "responses": [
        "I am sorry to hear that. I will be generate a report with the particulars that you have given me (thanks for that). It went directly to the head of the purchasing department.",
        "I am sorry to hear that. I will send over a report to our purchasing team to give them the feedback. Hopefully they get more in shortly."
      ]
    },
    {
      "tag": "dualSim",
      "patterns": [
        "Do you have smartphone with dual sim?",
        "Do you sell smartphone with dual sim?"
      ],
      "responses": [
        "Yes, you can check the smartphone in the our website store if it avalaible in the stock such as Galaxy Z Flip4 and  Galaxy Z Flod4.",
        "We do sell plenty of smartphone with dual sim such as Galaxy Z Flip4 and  Galaxy Z Fold4."
      ]
    },
    {
      "tag": "wifi",
      "patterns": [
        "Do your smartphone product support wifi 6?",
        "May I know, that you sell smartphone which is supported by wifi 6?"
      ],
      "responses": [
        "Yes, a lot of our smartphone is supported by wifi 6 such as ZTE Nubia Z50, Oppo Find N12 Flip and others. You can check the details of the smartphone in our website store."
      ]
    },
    {
      "tag": "bluetooth",
      "patterns": [
        "Do your smartphone product support bluetooth 5.0?",
        "May I know, that you sell smartphone which is supported by bluetooth 5.0?"
      ],
      "responses": [
        "We do, some of our smartphone is supported by bluetooth 5.0 such as Iphone 8, Galaxy Note 8 and others. To know more, you can check the details of the smartphone in our website store."
      ]
    },
    {
      "tag": "battery",
      "patterns": [
        "How long does the average battery life of the smartphone?",
        "How many average does the battery life of the phone last?"
      ],
      "responses": [
        "The battery of smartphone only last between 1 or 2 years and maximum it can reach only 3 years.",
        "Smartphone battery which is lithium-ion lifespan is 2 - 3 years, which is about 300 - 500 charge cycles as rated by manufacturers. After that, the battery capacity will drop by roughly 20%."
      ]
    },
    {
      "tag": "deliveryOption",
      "patterns": [
        "Delivery charges.",
        "Can you show me delivery options?",
        "Delivery options.",
        "Shipping rates.",
        "Delivery time frames.",
        "What are the shipping options?",
        "shipping."
      ],
      "responses": [
        "You can check the shipping charges and time frames on the Delivery page of our website."
      ]
    },
    {
      "tag": "giftCard",
      "patterns": [
        "I am looking for a gift.",
        "Are there any gift cards available?",
        "I am interested in buying gift cards.",
        "I want to order a gift card for my friends birthday.",
        "Can you give me gift cards?",
        "Gift card."
      ],
      "responses": [
        "I have several gift card choices: Rm25, RM50 and RM100. Which one do you prefer?, you can check on the Claim page of our website."
      ]
    },
    {
      "tag": "changeOrder",
      "patterns": [
        "I want to add something to my order.",
        "Can I change my order?",
        "Change the order.",
        "How to add an item to my order?",
        "Add an item to the order.",
        "I had love to add the order."
      ],
      "responses": [
        "Sign in to your account and go to the order page to make any changes for your order."
      ]
    },
    {
      "tag": "orderStatus",
      "patterns": [
        "My order number is 938464 can you check it.",
        "Check my order.",
        "Where is my order?",
        "Can you check my orders?",
        "Where is my package?",
        "My orders.",
        "What is my order status?"
      ],
      "responses": [
        "Your order is accepted for processing."
      ]
    },
    {
      "tag": "specialOffer",
      "patterns": [
        "Today is offer.",
        "Some products are very expensive.",
        "Do you have any discounts?",
        "Any special offers today.",
        "Current offers.",
        "Too expensive for me.",
        "Can I have a discounts?",
        "The smarphones are too expensive for me.",
        "Do you have special offers?",
        "Special price."
      ],
      "responses": [
        "Have a look at our website. We always have some interesting offers there."
      ]
    },
    {
      "tag": "phoneOn",
      "patterns": [
        "How do I turn on my phone?"
      ],
      "responses": [
        "Press and hold the power button on your phone."
      ]
    },
    {
      "tag": "phoneUnlock",
      "patterns": [
        "How do I unlock my phone?"
      ],
      "responses": [
        "Depending on the type of phone you have, you can unlock it using a passcode, pattern, fingerprint, or facial recognition."
      ]
    },
    {
      "tag": "phoneCall",
      "patterns": [
        "How do I make a call?"
      ],
      "responses": [
        "Open the phone app and enter a phone number or select a contact from your phonebook. Press the call button to initiate the call."
      ]
    },
    {
      "tag": "phoneTextMessage",
      "patterns": [
        "How do I send a text message?"
      ],
      "responses": [
        "Open the messaging app and enter the phone number or select a contact from your phonebook. Type your message and press send."
      ]
    },
    {
      "tag": "phoneWifiConnect",
      "patterns": [
        "How do I connect to WiFi?"
      ],
      "responses": [
        "Go to the settings on your phone and select the WiFi option. Turn on Wi-Fi and select a network to connect to."
      ]
    },
    {
      "tag": "phoneTakePicture",
      "patterns": [
        "How do I take a picture?",
        "How do I snap a picture?"
      ],
      "responses": [
        "Open the camera app and point the camera towards your subject. Press the button to take a picture."
      ]
    },
    {
      "tag": "phoneDownloadApp",
      "patterns": [
        "How do I download apps?",
        "How do I install apps?"
      ],
      "responses": [
        "Open the app store on your phone and search for the app you want to download. Press the download button to install the app."
      ]
    },
    {
      "tag": "phoneDeleteApp",
      "patterns": [
        "How do I delete apps?",
        "How do I uninstall apps?"
      ],
      "responses": [
        "Go to the home screen or app drawer on your phone and press and hold the app you want to delete. Select the delete or uninstall option."
      ]
    },
    {
      "tag": "phoneChangeRingtone",
      "patterns": [
        "How do I change the ringtone on my phone?"
      ],
      "responses": [
        "Go to the settings on your phone and select the sound or ringtone option. Select the ringtone you want to use."
      ]
    },
    {
      "tag": "phoneAddContact",
      "patterns": [
        "How do I add a contact to my phone?"
      ],
      "responses": [
        "Open the contacts app and press the '+' button to add a new contact. Enter the contact's name and phone number."
      ]
    },
    {
      "tag": "phoneGps",
      "patterns": [
        "How do I use the GPS on my phone?"
      ],
      "responses": [
        "Go to the settings on your phone and turn on the GPS. Open a map app or navigation app to use the GPS."
      ]
    },
    {
      "tag": "phoneCustomizeHomescreen",
      "patterns": [
        "How do I customize the home screen on my phone?"
      ],
      "responses": [
        "Press and hold an empty space on the home screen to enter the home screen customization settings. You can add widgets, change the background, and arrange apps."
      ]
    },
    {
      "tag": "phoneChangeLanguage",
      "patterns": [
        "How do I change the language on my phone?"
      ],
      "responses": [
        "Go to the settings on your phone and select the language or language & input option. Select the language you want to use."
      ]
    },
    {
      "tag": "phoneChangeWallpaper",
      "patterns": [
        "How do I change the wallpaper on my phone?"
      ],
      "responses": [
        "Go to the settings on your phone and select the display or wallpaper option. Select the wallpaper you want to use."
      ]
    },
    {
      "tag": "phoneBatteryLevel",
      "patterns": [
        "How do I check my phone's battery level?"
      ],
      "responses": [
        "Look at the top of your phone's screen or the notification bar for a battery icon. You can also go to the settings and select the battery option to see the exact percentage."
      ]
    },
    {
      "tag": "phoneBrightness",
      "patterns": [
        "How do I adjust the brightness on my phone?"
      ],
      "responses": [
        "Go to the settings on your phone and select the display or brightness option. You can also use the brightness slider in the quick settings or notification bar."
      ]
    },
    {
      "tag": "phoneStorage",
      "patterns": [
        "How do I check my phone's storage?"
      ],
      "responses": [
        "Go to the settings on your phone and select the storage option. You can see it."
      ]
    },
    {
      "tag": "phoneReset",
      "patterns": [
        "How do I reset my phone to factory settings?"
      ],
      "responses": [
        "Go to the settings and select the backup and reset option, then select factory data reset."
      ]
    },
    {
      "tag": "phoneFixFrozen",
      "patterns": [
        "How do I fix a frozen screen?"
      ],
      "responses": [
        "Try restarting your phone by holding down the power button for a few seconds. If that does not work, try force restarting your phone by holding down the power button and volume down button at the same time."
      ]
    },
    {
      "tag": "phoneExtendBatteryLife",
      "patterns": [
        "How can I extend my battery life?"
      ],
      "responses": [
        "Try reducing your screen brightness, closing unnecessary apps, and disabling features such as Bluetooth and location services when not in use."
      ]
    },
    {
      "tag": "phoneUpdateSoftware",
      "patterns": [
        "How do I update my phone's software?"
      ],
      "responses": [
        "Go to the settings and select the software update option, then follow the prompts to download and install the update."
      ]
    },
    {
      "tag": "phoneSlowing",
      "patterns": [
        "My phone is running slow, what should I do?"
      ],
      "responses": [
        "Try clearing the cache and closing unnecessary apps, and also try restarting your phone."
      ]
    },
    {
      "tag": "phoneTransferFiles",
      "patterns": [
        "How do I transfer files from my phone to my computer?"
      ],
      "responses": [
        "Connect your phone to your computer using a USB cable, and use the file transfer feature to copy files to your computer."
      ]
    },
    {
      "tag": "phoneRecoverFiles",
      "patterns": [
        "How can I recover lost files on my phone?"
      ],
      "responses": [
        "Try using a file recovery app that you can install at play store or apple store or connecting your phone to a computer and using data recovery software."
      ]
    },
    {
      "tag": "phoneFixTouchScreen",
      "patterns": [
        "How can I fix a problem with the touch screen on my phone?"
      ],
      "responses": [
        "Try restarting your phone, and if that does not work, try a factory reset."
      ]
    },
    {
      "tag": "phoneFixCamera",
      "patterns": [
        "My phone's camera is not working, what should I do?"
      ],
      "responses": [
        "Try restarting your phone, and if that does not work, try clearing the camera app's cache and data at setting."
      ]
    },
    {
      "tag": "phoneRemoveVirus",
      "patterns": [
        "How do I remove a virus from my phone?"
      ],
      "responses": [
        "Try using an antivirus app to scan and remove the virus that you can install at play store or apple store, and if that does not work, try a factory reset."
      ]
    },
    {
      "tag": "phoneFixApp",
      "patterns": [
        "How can I fix a problem with a specific app on my phone?"
      ],
      "responses": [
        "Try uninstalling and reinstalling the app, or clearing the app's cache and data."
      ]
    },
    {
      "tag": "phoneExtendStorage",
      "patterns": [
        "How can I extend my phone's storage?"
      ],
      "responses": [
        "Try using a microSD card to expand your phone's storage capacity."
      ]
    },
    {
      "tag": "phoneFixInternet",
      "patterns": [
        "My phone is not connecting to the internet, what should I do?"
      ],
      "responses": [
        "Try restarting your phone and your router, and make sure your phone is connected to the correct network."
      ]
    },
    {
      "tag": "phoneFixMicrophone",
      "patterns": [
        "How can I fix a problem with my phone's microphone?"
      ],
      "responses": [
        "Try restarting your phone, and if that does not work, try clearing the microphone app's cache and data."
      ]
    },
    {
      "tag": "phoneFixSpeaker",
      "patterns": [
        "How can I fix a problem with my phone's speaker?"
      ],
      "responses": [
        "Try restarting your phone, and if that does not work, try cleaning the speaker grille."
      ]
    },
    {
      "tag": "phoneFixChargingPort",
      "patterns": [
        "How can I fix a problem with my phone's charging port?"
      ],
      "responses": [
        "Try cleaning the charging port and using a different charging cable and adapter."
      ]
    },
    {
      "tag": "phoneFixBatteryProblem",
      "patterns": [
        "How can I fix a problem with my phone's battery?"
      ],
      "responses": [
        "Try restarting your phone, and if that does not work, try replacing the battery."
      ]
    },
    {
      "tag": "phoneFixSimCard",
      "patterns": [
        "How can I fix a problem with my phone's SIM card?"
      ],
      "responses": [
        "Try restarting your phone, and if that does not work, restart again and try replacing SIM card."
      ]
    },
    {
      "tag": "customerServiceContact",
      "patterns": [
        "How can I contact customer service?"
      ],
      "responses": [
        "You can contact customer service by phone, email, or through a contact form on the e-commerce website. The contact information should be readily available on the website. You can also check the customer service page for more information about hours of operation, response times, and other contact options."
      ]
    },
    {
      "tag": "changeShippingAddress",
      "patterns": [
        "How can I change my shipping address?"
      ],
      "responses": [
        "You can change your shipping address by logging into your account on the e-commerce website and updating your address information. If the order has already been shipped, you may need to contact customer service for assistance."
      ]
    },
    {
      "tag": "addItemExistingOrder",
      "patterns": [
        "How can I add an item to an existing order?"
      ],
      "responses": [
        "You can add an item to an existing order by contacting customer service, but please note that this may not be possible if the order has already been shipped."
      ]
    },
    {
      "tag": "infomationSmartphoneProduct",
      "patterns": [
        "How can I find out more information about a product?"
      ],
      "responses": [
        "You can find more information about a product by visiting the product page on the website, reading customer reviews, or by contacting customer service."
      ]
    },
    {
      "tag": "shippingPolicy",
      "patterns": [
        "How can I find out more about the shipping and handling policy?"
      ],
      "responses": [
        "You can find more information about the shipping and handling policy by visiting the shipping and handling page on the website or by contacting customer service."
      ]
    },
    {
      "tag": "returnPolicy",
      "patterns": [
        "How can I find out more about the return and exchange policy?"
      ],
      "responses": [
        "You can find more information about the return and exchange policy by visiting the return and exchange page on the website or by contacting customer service."
      ]
    },
    {
      "tag": "warrantyPolicy",
      "patterns": [
        "How can I find out more about the warranty policy?"
      ],
      "responses": [
        "You can find more information about the warranty policy by visiting the warranty page on the website or by contacting customer service."
      ]
    },
    {
      "tag": "privacyPolicy",
      "patterns": [
        "How can I find out more about the privacy policy?"
      ],
      "responses": [
        "You can find more information about the privacy policy by visiting the privacy page on the website or by contacting customer service."
      ]
    },
    {
      "tag": "termAndCondition",
      "patterns": [
        "How can I find out more about the terms and conditions?"
      ],
      "responses": [
        "You can find more information about the terms and conditions by visiting the terms and conditions page on the website or by contacting customer service."
      ]
    },
    {
      "tag": "paymentOption",
      "patterns": [
        "How can I find out more about the payment options?"
      ],
      "responses": [
        "You can find more information about the payment options by visiting the payment options page on the website or by contacting customer service."
      ]
    },
    {
      "tag": "security",
      "patterns": [
        "How can I find out more about the security of the website?"
      ],
      "responses": [
        "You can find more information about the security of the website by visiting the security page."
      ]
    },
    {
      "tag": "changeAccountInformation",
      "patterns": [
        "How can I change my account information?"
      ],
      "responses": [
        "You can change your account information by logging into your account and updating your personal information."
      ]
    },
    {
      "tag": "unsubcribFromEmails",
      "patterns": [
        "How can I unsubscribe from emails?"
      ],
      "responses": [
        "You can unsubscribe from emails by clicking the unsubscribe link at the bottom of an email or by contacting customer service."
      ]
    },
    {
      "tag": "giftCardStatus",
      "patterns": [
        "How can I check the status of my gift card?"
      ],
      "responses": [
        "You can check the status of your gift card by logging into your account and viewing the gift card balance or by contacting customer service."
      ]
    },
    {
      "tag": "giftCardStatus",
      "patterns": [
        "How can I check the status of my gift card?"
      ],
      "responses": [
        "You can check the status of your gift card by logging into your account and viewing the gift card balance or by contacting customer service."
      ]
    },
    {
      "tag": "name",
      "patterns": [
        "What is your name.",
        "What should I call you.",
        "What is your name?"
      ],
      "responses": [
        "My name is Jenny.",
        "You can call me Jenny."
      ]
    }
  ]
}

      